{
  "basic_info": {
    "最新": 5.31,
    "股票代码": "600219",
    "股票简称": "南山铝业",
    "总股本": 11483701559.0,
    "流通股": 11483701559.0,
    "总市值": 60978455278.28999,
    "流通市值": 60978455278.28999,
    "行业": "有色金属",
    "上市时间": 19991223
  },
  "financial_indicators": {
    "流动比率": 1.05,
    "速动比率": 0.73,
    "产权比率": 0.55,
    "存货周转率": 6.37
  },
  "valuation": {
    "市盈率(TTM)": null,
    "市净率": null,
    "总市值": 60978455278.28999
  },
  "performance_forecast": [],
  "dividend_info": [],
  "industry_analysis": {}
}