{
  "basic_info": {
    "最新": 266.89,
    "股票代码": "301308",
    "股票简称": "江波龙",
    "总股本": 419145267.0,
    "流通股": 274397898.0,
    "总市值": 111865680309.62999,
    "流通市值": 73234054997.22,
    "行业": "半导体",
    "上市时间": 20220805
  },
  "financial_indicators": {
    "流动比率": 3.6,
    "速动比率": 1.47,
    "产权比率": 0.34,
    "存货周转率": 2.93
  },
  "valuation": {
    "市盈率(TTM)": null,
    "市净率": null,
    "总市值": 111865680309.62999
  },
  "performance_forecast": [],
  "dividend_info": [],
  "industry_analysis": {}
}