{
  "basic_info": {
    "最新": 92.3,
    "股票代码": "601888",
    "股票简称": "中国中免",
    "总股本": 2068859044.0,
    "流通股": 1952475544.0,
    "总市值": 190955689761.19998,
    "流通市值": 180213492711.19998,
    "行业": "旅游酒店",
    "上市时间": 20091015
  },
  "financial_indicators": {
    "流动比率": 1.03,
    "速动比率": 0.83,
    "产权比率": 4.46,
    "存货周转率": 14.66
  },
  "valuation": {
    "市盈率(TTM)": null,
    "市净率": null,
    "总市值": 190955689761.19998
  },
  "performance_forecast": [],
  "dividend_info": [],
  "industry_analysis": {}
}