{
  "basic_info": {
    "最新": 39.8,
    "股票代码": "301522",
    "股票简称": "上大股份",
    "总股本": 371866667.0,
    "流通股": 281416667.0,
    "总市值": 14800293346.599998,
    "流通市值": 11200383346.599998,
    "行业": "有色金属",
    "上市时间": 20241016
  },
  "financial_indicators": {
    "流动比率": 1.45,
    "速动比率": 0.67,
    "产权比率": 1.45,
    "存货周转率": 1.44
  },
  "valuation": {
    "市盈率(TTM)": null,
    "市净率": null,
    "总市值": 14800293346.599998
  },
  "performance_forecast": [],
  "dividend_info": [],
  "industry_analysis": {}
}