{
  "basic_info": {
    "最新": 9.04,
    "股票代码": "000572",
    "股票简称": "海马汽车",
    "总股本": 1644636426.0,
    "流通股": 1642253067.0,
    "总市值": 14867513291.039999,
    "流通市值": 14845967725.679998,
    "行业": "汽车整车",
    "上市时间": 19940808
  },
  "financial_indicators": {},
  "valuation": {
    "市盈率(TTM)": null,
    "市净率": null,
    "总市值": 14867513291.039999
  },
  "performance_forecast": [],
  "dividend_info": [],
  "industry_analysis": {}
}