{
  "basic_info": {
    "最新": 7.65,
    "股票代码": "601377",
    "股票简称": "兴业证券",
    "总股本": 8635987294.0,
    "流通股": 8635987294.0,
    "总市值": 66065302799.100006,
    "流通市值": 66065302799.100006,
    "行业": "证券",
    "上市时间": 20101013
  },
  "financial_indicators": {
    "产权比率": 7.11
  },
  "valuation": {
    "市盈率(TTM)": null,
    "市净率": null,
    "总市值": 66065302799.100006
  },
  "performance_forecast": [],
  "dividend_info": [],
  "industry_analysis": {}
}