{
  "basic_info": {
    "最新": 80.68,
    "股票代码": "000988",
    "股票简称": "华工科技",
    "总股本": 1005502707.0,
    "流通股": 1004985657.0,
    "总市值": 81123958400.76001,
    "流通市值": 81082242806.76001,
    "行业": "电子元件",
    "上市时间": 20000608
  },
  "financial_indicators": {
    "流动比率": 3.02,
    "速动比率": 2.38,
    "产权比率": 0.23,
    "存货周转率": 2.17
  },
  "valuation": {
    "市盈率(TTM)": null,
    "市净率": null,
    "总市值": 81123958400.76001
  },
  "performance_forecast": [],
  "dividend_info": [],
  "industry_analysis": {}
}